Link Name,Center of Mass X,Center of Mass Y,Center of Mass Z,Center of Mass Roll,Center of Mass Pitch,Center of Mass Yaw,Mass,Moment Ixx,Moment Ixy,Moment Ixz,Moment Iyy,Moment Iyz,Moment Izz,Visual X,Visual Y,Visual Z,Visual Roll,Visual Pitch,Visual Yaw,Mesh Filename,Color Red,Color Green,Color Blue,Color Alpha,Collision X,Collision Y,Collision Z,Collision Roll,Collision Pitch,Collision Yaw,Collision Mesh Filename,Material Name,SW Components,Coordinate System,Axis Name,Joint Name,Joint Type,Joint Origin X,Joint Origin Y,Joint Origin Z,Joint Origin Roll,Joint Origin Pitch,Joint Origin Yaw,Parent,Joint Axis X,Joint Axis Y,Joint Axis Z,Limit Effort,Limit Velocity,Limit Lower,Limit Upper,Calibration rising,Calibration falling,Dynamics Damping,Dynamics Friction,Safety Soft Upper,Safety Soft Lower,Safety K Position,Safety K Velocity
Body_Base,-0.000984778969804825,0.159999918319187,-0.0569571874345381,0,0,0,4.29822002793714,0.0765802499361531,6.20277192134588E-08,0.000748099972946707,0.0663529790747971,1.72067807092044E-09,0.0502142373391222,0,0,0,0,0,0,package://yeah/meshes/Body_Base.STL,0.898039215686275,0.917647058823529,0.929411764705882,1,0,0,0,0,0,0,package://yeah/meshes/Body_Base.STL,,胸壳-1;左臂-2/DM 6248 减速电机20250717_1-20;右臂-2/DM 6248 减速电机20250717_1-16;14.36-1/DM-J4310-2EC-V1.1__3d_20240822_1.stp-5,LArm_o8,,,,0,0,0,0,0,0,,0,0,0,,,,,,,,,,,,
LeftShoulderPitch_Link,-0.0118884051145213,-0.0958707585796716,-2.00008868853352E-05,0,0,0,0.76808266526681,0.000903137600450535,-2.03885540151788E-05,5.88736093137122E-09,0.000439750844099894,2.12578992625761E-07,0.000730377051545063,0,0,0,0,0,0,package://yeah/meshes/LeftShoulderPitch_Link.STL,0.792156862745098,0.819607843137255,0.933333333333333,1,0,0,0,0,0,0,package://yeah/meshes/LeftShoulderPitch_Link.STL,,左臂-2/装配体2^左臂-1/Mirror零件5 9.8-1;左臂-2/装配体2^左臂-1/DM 6248 减速电机20250717_1-1,LArm_o8,w8,LeftShoulderPitch,continuous,0,0,0,0,0,0,Body_Base,0,1,0,,,,,,,,,,,,
LeftShoulderRoll_Link,0.0481808462755143,0.000134924626469746,-0.0299316642060652,0,0,0,0.21174280607146,0.000208397984531029,1.36465757992387E-17,-7.38663330295468E-05,0.000254436493529271,2.14414560631933E-17,0.000201760045685172,0,0,0,0,0,0,package://yeah/meshes/LeftShoulderRoll_Link.STL,0.898039215686275,0.917647058823529,0.929411764705882,1,0,0,0,0,0,0,package://yeah/meshes/LeftShoulderRoll_Link.STL,,左臂-2/零件4-7,LArm_o10,w10,LeftShoulderRoll,continuous,-0.0457862201502336,-0.101884924626422,9.29530337989704E-05,0,0,0,LeftShoulderPitch_Link,1,0,0,,,,,,,,,,,,
LeftShoulderYaw_Link,-0.000252551409176599,-0.00824171475617247,-0.0831506652226813,0,0,0,1.26036454362227,0.00253833469960683,-1.69459013437106E-07,3.03726690632612E-07,0.00253179661999221,-0.000274198273884283,0.000875832278724056,0,0,0,0,0,0,package://yeah/meshes/LeftShoulderYaw_Link.STL,0.898039215686275,0.917647058823529,0.929411764705882,1,0,0,0,0,0,0,package://yeah/meshes/LeftShoulderYaw_Link.STL,,左臂-2/03-1;左臂-2/DM 6248 减速电机20250717_1-21;左臂-2/dm_4340__3d20240822_1-1,LArm_o12,w12,LeftShoulderYaw,continuous,0.0314999999999971,0.000134924626422839,-0.0534482151393814,0,0,0,LeftShoulderRoll_Link,0,0,-1,,,,,,,,,,,,
LeftElbowPitch_Link,-0.000249999999992354,0.0456042733251177,-0.0190374268432217,0,0,0,0.106065791565823,6.94131147891919E-05,1.27689558947316E-18,-5.45847030808275E-18,7.41879260654164E-05,-1.92424056971676E-05,5.5934945492048E-05,0,0,0,0,0,0,package://yeah/meshes/LeftElbowPitch_Link.STL,0.898039215686275,0.917647058823529,0.929411764705882,1,0,0,0,0,0,0,package://yeah/meshes/LeftElbowPitch_Link.STL,,左臂-2/Mirror零件3-7,LArm_o14,w14,LeftElbowPitch,continuous,0,-0.0280000000000016,-0.183500000000001,0,0,0,LeftShoulderYaw_Link,0,1,0,,,,,,,,,,,,
LeftElbowYaw_Link,-0.000217173254179463,-0.00281066704324645,-0.0732161416514601,0,0,0,0.75793905190884,0.00039617017835574,2.87989632730269E-07,6.12083837350659E-08,0.000421409135299627,-4.00420186079024E-05,0.000318857221902468,0,0,0,0,0,0,package://yeah/meshes/LeftElbowYaw_Link.STL,0.898039215686275,0.917647058823529,0.929411764705882,1,0,0,0,0,0,0,package://yeah/meshes/LeftElbowYaw_Link.STL,,左臂-2/装配体6^左臂-1/dm_4340__3d20240822_1(2)(1)-1;左臂-2/装配体6^左臂-1/Mirror06-1;左臂-2/装配体6^左臂-1/dm_4340__3d20240822_1(2)(1)-2,LArm_o16,w16,LeftElbowYaw,continuous,0,0.0323000000000016,-0.0429499999999954,0,0,0,LeftElbowPitch_Link,0,0,-1,,,,,,,,,,,,
LeftWristPitch_Link,0.00133791172432937,0.0341906328512787,-0.0534431493088246,0,0,0,0.42226683432476,0.000256504293798981,-1.30931402455396E-05,-3.38905353638004E-05,0.00024177007172023,-3.29706941462471E-05,0.000178275804432396,0,0,0,0,0,0,package://yeah/meshes/LeftWristPitch_Link.STL,0.898039215686275,0.917647058823529,0.929411764705882,1,0,0,0,0,0,0,package://yeah/meshes/LeftWristPitch_Link.STL,,左臂-2/装配体7^左臂-1/Mirror007-1;左臂-2/装配体7^左臂-1/dm_4340__3d20240822_1(2)(1)-1,LArm_o18,w18,LeftWristPitch,continuous,0,-0.0270000000000015,-0.122350000000005,0,0,0,LeftElbowYaw_Link,0,1,0,,,,,,,,,,,,
LeftWristRoll_Link,-0.0188568585065403,4.9293902293357E-14,-0.0366968813296825,0,0,0,0.158679290509597,7.71223907395444E-05,7.52048720993343E-18,-3.4739828441325E-05,0.000103951082639342,9.74545951327324E-18,5.98820937872405E-05,0,0,0,0,0,0,package://yeah/meshes/LeftWristRoll_Link.STL,0.898039215686275,0.917647058823529,0.929411764705882,1,0,0,0,0,0,0,package://yeah/meshes/LeftWristRoll_Link.STL,,左臂-2/Mirror手连接件-3,LArm_o20,w20,LeftWristRoll,continuous,0.0292499999999982,0.0312999999999996,-0.0619999999999982,0,0,0,LeftWristPitch_Link,-1,0,0,,,,,,,,,,,,
RightShoulderPitch_Link,-0.0118884044926476,0.0959686201612704,-1.63983461911321E-05,0,0,0,0.768082713380196,0.000903137615113295,2.03788412641471E-05,2.22721926600665E-08,0.000439718163188342,-1.94715055722326E-07,0.000730409750501336,0,0,0,0,0,0,package://yeah/meshes/RightShoulderPitch_Link.STL,0.898039215686275,0.917647058823529,0.929411764705882,1,0,0,0,0,0,0,package://yeah/meshes/RightShoulderPitch_Link.STL,,右臂-2/R_Link2^右臂-1/零件5 9.8-1;右臂-2/R_Link2^右臂-1/DM 6248 减速电机20250717_1-1,RArm_o22,w22,RightShoulderPitch,continuous,0,0.319899999999998,0,0,0,0,Body_Base,0,-1,0,,,,,,,,,,,,
RightShoulderRoll_Link,-0.0123191537244823,3.33066907387547E-16,-0.0298387111721881,0,0,0,0.21174280607146,0.000208397984531028,1.99099693068067E-20,-7.38663330295466E-05,0.00025443649352927,3.72596351937519E-20,0.000201760045685172,0,0,0,0,0,0,package://yeah/meshes/RightShoulderRoll_Link.STL,0.898039215686275,0.917647058823529,0.929411764705882,1,0,0,0,0,0,0,package://yeah/meshes/RightShoulderRoll_Link.STL,,右臂-2/零件4-5,RArm_o24,w24,RightShoulderRoll,continuous,0.0149637798497616,0.101849999999999,0,0,0,0,RightShoulderPitch_Link,-1,0,0,,,,,,,,,,,,
RightShoulderYaw_Link,-3.43646131295422E-05,0.00824388137169668,-0.0833640411194251,0,0,0,1.26036454362165,0.00253846799083536,2.47245847308271E-07,3.03866813553406E-07,0.00253176319180196,0.000274146676656519,0.000875732415683321,0,0,0,0,0,0,package://yeah/meshes/RightShoulderYaw_Link.STL,0.898039215686275,0.917647058823529,0.929411764705882,1,0,0,0,0,0,0,package://yeah/meshes/RightShoulderYaw_Link.STL,,右臂-2/装配体9^右臂-1/03-1;右臂-2/装配体9^右臂-1/DM 6248 减速电机20250717_1-1;右臂-2/装配体9^右臂-1/dm_4340__3d20240822_1-1,RArm_o26,w26,RightShoulderYaw,continuous,-0.0292499999999986,0,-0.0531052621055809,0,0,0,RightShoulderRoll_Link,0,0,-1,,,,,,,,,,,,
RightElbowPitch_Link,9.78384040450919E-16,-0.0456042733250627,-0.0190374268431462,0,0,0,0.106065791565823,6.9413114789192E-05,4.88924864920825E-20,-3.92650326253871E-22,7.41879260654161E-05,1.92424056971678E-05,5.59349454920484E-05,0,0,0,0,0,0,package://yeah/meshes/RightElbowPitch_Link.STL,0.898039215686275,0.917647058823529,0.929411764705882,1,0,0,0,0,0,0,package://yeah/meshes/RightElbowPitch_Link.STL,,右臂-2/零件3-5,RArm_o28,w28,RightElbowPitch,continuous,0,0.0280000000000016,-0.183750000000001,0,0,0,RightShoulderYaw_Link,0,-1,0,,,,,,,,,,,,
RightElbowYaw_Link,-3.28490509191176E-05,0.00275705489501876,-0.077248229137106,0,0,0,0.757939051908938,0.000396062585911895,-2.69294079931415E-07,-1.08072980902223E-07,0.000421508380121659,4.0073703786051E-05,0.000318865569524394,0,0,0,0,0,0,package://yeah/meshes/RightElbowYaw_Link.STL,0.898039215686275,0.917647058823529,0.929411764705882,1,0,0,0,0,0,0,package://yeah/meshes/RightElbowYaw_Link.STL,,右臂-2/装配体11^右臂-1/dm_4340__3d20240822_1(2)(1)-1;右臂-2/装配体11^右臂-1/06-1;右臂-2/装配体11^右臂-1/dm_4340__3d20240822_1(2)(1)-2,RArm_o30,w30,RightElbowYaw,continuous,0,-0.0323000000000016,-0.0389999999999954,0,0,0,RightElbowPitch_Link,0,0,-1,,,,,,,,,,,,
RightWristPitch_Link,0.00158791172432258,-0.0341917033476763,-0.0535906144633544,0,0,0,0.422266834324869,0.000256504293799037,1.30924766167651E-05,-3.39819528704547E-05,0.000241768614770396,3.28703491089935E-05,0.000178277261382301,0,0,0,0,0,0,package://yeah/meshes/RightWristPitch_Link.STL,0.898039215686275,0.917647058823529,0.929411764705882,1,0,0,0,0,0,0,package://yeah/meshes/RightWristPitch_Link.STL,,右臂-2/装配体12^右臂-1/007-1;右臂-2/装配体12^右臂-1/dm_4340__3d20240822_1(2)(1)-1,RArm_o32,w32,RightWristPitch,continuous,0,0.0270000000000019,-0.126300000000005,0,0,0,RightElbowYaw_Link,0,-1,0,,,,,,,,,,,,
RightWristRoll_Link,0.0336431414934496,3.10862446895044E-15,-0.0366968813296171,0,0,0,0.158679290509597,7.71223907395443E-05,3.17062369351938E-19,-3.4739828441325E-05,0.000103951082639342,4.16093074907053E-19,5.98820937872405E-05,0,0,0,0,0,0,package://yeah/meshes/RightWristRoll_Link.STL,0.898039215686275,0.917647058823529,0.929411764705882,1,0,0,0,0,0,0,package://yeah/meshes/RightWristRoll_Link.STL,,右臂-2/手连接件-1,RArm_34,w34,RightWristRoll,continuous,-0.0230000000000018,-0.0313000000000005,-0.0619999999999975,0,0,0,RightWristPitch_Link,1,0,0,,,,,,,,,,,,
NeckYaw_Link,-0.00581531764903294,-9.23145291096611E-05,0.0618575190113002,0,0,0,0.647827437019055,0.000968388363877706,3.26067011193511E-07,0.000100708265498924,0.000802029141541807,-3.92170762280888E-06,0.00042317047742928,0,0,0,0,0,0,package://yeah/meshes/NeckYaw_Link.STL,0.898039215686275,0.917647058823529,0.929411764705882,1,0,0,0,0,0,0,package://yeah/meshes/NeckYaw_Link.STL,,14.36-1/DM-J4310-2EC-V1.1__3d_20240822_1.stp-2;14.36-1/1-2连接固定-1;14.36-1/法兰-1;14.36-1/neck轴承-1;14.36-1/电机2传动-1;14.36-1/7轴承-3;14.36-1/7轴承-4;14.36-1/7轴承-2;14.36-1/7轴承-1;14.36-1/连杆2-1;14.36-1/连杆2-3,Head_o6,w6,NeckYaw,continuous,-0.024999999999998,0.159999999999999,0.113999999999997,0,0,0,Body_Base,0,0,-1,,,,,,,,,,,,
NeckRoll_Link,0.0332886885570809,-0.00060358428937422,-1.66223746521088E-05,0,0,0,0.394220087865093,0.000151722204600015,-4.80083051544494E-06,4.68503011295458E-08,0.000184537252474753,4.48818192062032E-08,0.000185446370442512,0,0,0,0,0,0,package://yeah/meshes/NeckRoll_Link.STL,0.898039215686275,0.917647058823529,0.929411764705882,1,0,0,0,0,0,0,package://yeah/meshes/NeckRoll_Link.STL,,14.36-1/电机2传动 - 副本 (2)-1;14.36-1/电机3固定件 - 副本-1;14.36-1/DM-J4310-2EC-V1.1__3d_20240822_1.stp-4,Head_o3,w3,NeckRoll,continuous,-0.0126000000000049,0,0.142,0,0,0,NeckYaw_Link,-1,0,0,,,,,,,,,,,,
NeckPitch_Link,0.0219238937636143,0.0142556993887718,0.180248976862389,0,0,0,0.73430627866614,0.00677083516526997,2.56564683275943E-05,-0.000249890693270657,0.00578630005199225,-4.865358653122E-05,0.00326097668638142,0,0,0,0,0,0,package://yeah/meshes/NeckPitch_Link.STL,0.898039215686275,0.917647058823529,0.929411764705882,1,0,0,0,0,0,0,package://yeah/meshes/NeckPitch_Link.STL,,14.36-1/头连接板 - 副本-1;robot挖孔可修改版-1,Head_o2,w2,NeckPitch,continuous,0.0410000000000003,-0.0194999999999999,0,0,0,0,NeckRoll_Link,0,1,0,,,,,,,,,,,,
waist_Link,6.88423641103178E-06,-3.21956409248814E-05,-0.081486561696211,0,0,0,12.3027675516516,0.0186581769390268,-7.48421046227594E-05,-1.91030358252151E-05,0.024256540694553,-1.64804804732282E-05,0.0229789919480801,0,0,0,0,0,0,package://yeah/meshes/waist_Link.STL,1,1,1,1,0,0,0,0,0,0,package://yeah/meshes/waist_Link.STL,,髋关节组件-1/DM-J10010L-2EC^右腿总装(2)_右腿总装-12/dm-j10010l-0730_1.STEP^DM-J10010L-2EC_右腿总装(2)_右腿总装-1/dm-j10010l-0730_1.stp_1.STEP^dm-j10010l-0730_1.STEP_DM-J10010L-2EC_右腿总装(2)_右腿总装-1/ZHUTI.stp.STEP^dm-j10010l-0730_1.stp_1.STEP_dm-j10010l-0730_1.STEP_DM-J10010L-2EC_右腿总装(2)_右腿总装-1;髋关节组件-1/髋关节骨架-2;髋关节组件-1/DM-J10010L-2EC^右腿总装(2)_右腿总装-7/dm-j10010l-0730_1.STEP^DM-J10010L-2EC_右腿总装(2)_右腿总装-1/dm-j10010l-0730_1.stp_1.STEP^dm-j10010l-0730_1.STEP_DM-J10010L-2EC_右腿总装(2)_右腿总装-1/ZHUTI.stp.STEP^dm-j10010l-0730_1.stp_1.STEP_dm-j10010l-0730_1.STEP_DM-J10010L-2EC_右腿总装(2)_右腿总装-1;髋关节组件-1/DM-J10010L-2EC^右腿总装(2)_右腿总装-7/dm-j10010l-0730_1.STEP^DM-J10010L-2EC_右腿总装(2)_右腿总装-1/dm-j10010l-0730_1.stp_1.STEP^dm-j10010l-0730_1.STEP_DM-J10010L-2EC_右腿总装(2)_右腿总装-1/PCB_1.stp_1.STEP^dm-j10010l-0730_1.stp_1.STEP_dm-j10010l-0730_1.STEP_DM-J10010L-2EC_右腿总装(2)_右腿总装-1;髋关节组件-1/DM-J10010L-2EC^右腿总装(2)_右腿总装-11/dm-j10010l-0730_1.STEP^DM-J10010L-2EC_右腿总装(2)_右腿总装-1/dm-j10010l-0730_1.stp_1.STEP^dm-j10010l-0730_1.STEP_DM-J10010L-2EC_右腿总装(2)_右腿总装-1/HOUGAI.stp_1.STEP^dm-j10010l-0730_1.stp_1.STEP_dm-j10010l-0730_1.STEP_DM-J10010L-2EC_右腿总装(2)_右腿总装-1;髋关节组件-1/DM-J10010L-2EC^右腿总装(2)_右腿总装-11/dm-j10010l-0730_1.STEP^DM-J10010L-2EC_右腿总装(2)_右腿总装-1/dm-j10010l-0730_1.stp_1.STEP^dm-j10010l-0730_1.STEP_DM-J10010L-2EC_右腿总装(2)_右腿总装-1/ZHUTI.stp.STEP^dm-j10010l-0730_1.stp_1.STEP_dm-j10010l-0730_1.STEP_DM-J10010L-2EC_右腿总装(2)_右腿总装-1;髋关节组件-1/DM-J10010L-2EC^右腿总装(2)_右腿总装-7/dm-j10010l-0730_1.STEP^DM-J10010L-2EC_右腿总装(2)_右腿总装-1/dm-j10010l-0730_1.stp_1.STEP^dm-j10010l-0730_1.STEP_DM-J10010L-2EC_右腿总装(2)_右腿总装-1/HOUGAI.stp_1.STEP^dm-j10010l-0730_1.stp_1.STEP_dm-j10010l-0730_1.STEP_DM-J10010L-2EC_右腿总装(2)_右腿总装-1;髋关节组件-1/DM-J10010L-2EC^右腿总装(2)_右腿总装-11/dm-j10010l-0730_1.STEP^DM-J10010L-2EC_右腿总装(2)_右腿总装-1/dm-j10010l-0730_1.stp_1.STEP^dm-j10010l-0730_1.STEP_DM-J10010L-2EC_右腿总装(2)_右腿总装-1/PCB_1.stp_1.STEP^dm-j10010l-0730_1.stp_1.STEP_dm-j10010l-0730_1.STEP_DM-J10010L-2EC_右腿总装(2)_右腿总装-1;髋关节组件-1/DM-J10010L-2EC^右腿总装(2)_右腿总装-12/dm-j10010l-0730_1.STEP^DM-J10010L-2EC_右腿总装(2)_右腿总装-1/dm-j10010l-0730_1.stp_1.STEP^dm-j10010l-0730_1.STEP_DM-J10010L-2EC_右腿总装(2)_右腿总装-1/HOUGAI.stp_1.STEP^dm-j10010l-0730_1.stp_1.STEP_dm-j10010l-0730_1.STEP_DM-J10010L-2EC_右腿总装(2)_右腿总装-1;髋关节组件-1/DM-J10010L-2EC^右腿总装(2)_右腿总装-12/dm-j10010l-0730_1.STEP^DM-J10010L-2EC_右腿总装(2)_右腿总装-1/dm-j10010l-0730_1.stp_1.STEP^dm-j10010l-0730_1.STEP_DM-J10010L-2EC_右腿总装(2)_右腿总装-1/PCB_1.stp_1.STEP^dm-j10010l-0730_1.stp_1.STEP_dm-j10010l-0730_1.STEP_DM-J10010L-2EC_右腿总装(2)_右腿总装-1,Wo80,Ww80,waist,continuous,-0.0499973128926486,0.160000551429758,-0.294200000000003,0,0,0,Body_Base,0,0,-1,,,,,,,,,,,,
LeftLegPitch_Link,-0.0163108978901145,-0.0785390325818988,-0.0339870181545555,0,0,0,4.20544206469336,0.00838404338908189,-0.000212883243199451,-0.000100922410802761,0.00471375132116843,-0.000148298615333334,0.0050459788788933,0,0,0,0,0,0,package://yeah/meshes/LeftLegPitch_Link.STL,0.866666666666667,0.866666666666667,0.890196078431372,1,0,0,0,0,0,0,package://yeah/meshes/LeftLegPitch_Link.STL,,zuo腿-1/装配体13^zuo腿-1/髋关节支架1-1;zuo腿-1/装配体13^zuo腿-1/DM-J10010L-2EC^右腿总装(2)_右腿总装-1/dm-j10010l-0730_1.STEP^DM-J10010L-2EC_右腿总装(2)_右腿总装-1/dm-j10010l-0730_1.stp_1.STEP^dm-j10010l-0730_1.STEP_DM-J10010L-2EC_右腿总装(2)_右腿总装-1/ZHUTI.stp.STEP^dm-j10010l-0730_1.stp_1.STEP_dm-j10010l-0730_1.STEP_DM-J10010L-2EC_右腿总装(2)_右腿总装-1;zuo腿-1/装配体13^zuo腿-1/DM-J10010L-2EC^右腿总装(2)_右腿总装-1/dm-j10010l-0730_1.STEP^DM-J10010L-2EC_右腿总装(2)_右腿总装-1/dm-j10010l-0730_1.stp_1.STEP^dm-j10010l-0730_1.STEP_DM-J10010L-2EC_右腿总装(2)_右腿总装-1/HOUGAI.stp_1.STEP^dm-j10010l-0730_1.stp_1.STEP_dm-j10010l-0730_1.STEP_DM-J10010L-2EC_右腿总装(2)_右腿总装-1;zuo腿-1/装配体13^zuo腿-1/DM-J10010L-2EC^右腿总装(2)_右腿总装-1/dm-j10010l-0730_1.STEP^DM-J10010L-2EC_右腿总装(2)_右腿总装-1/dm-j10010l-0730_1.stp_1.STEP^dm-j10010l-0730_1.STEP_DM-J10010L-2EC_右腿总装(2)_右腿总装-1/PCB_1.stp_1.STEP^dm-j10010l-0730_1.stp_1.STEP_dm-j10010l-0730_1.STEP_DM-J10010L-2EC_右腿总装(2)_右腿总装-1,LLeg_o39,w39,LeftLegPitch,continuous,0,-0.0695005514297602,-0.112,0,0,0,waist_Link,0,-1,0,,,,,,,,,,,,
LeftLegRoll_Link,0.00293424472235439,-0.000195776194269276,-0.119629561783692,0,0,0,4.18093024068917,0.0048756990487451,-1.2053393414344E-05,-0.000103105703072599,0.00461953422100567,5.14214762335043E-06,0.00715007492992493,0,0,0,0,0,0,package://yeah/meshes/LeftLegRoll_Link.STL,0.866666666666667,0.866666666666667,0.890196078431372,1,0,0,0,0,0,0,package://yeah/meshes/LeftLegRoll_Link.STL,,zuo腿-1/装配体14^zuo腿-1/髋关节支架2-1;zuo腿-1/装配体14^zuo腿-1/DM-J10010L-2EC^右腿总装(2)_右腿总装-1/dm-j10010l-0730_1.STEP^DM-J10010L-2EC_右腿总装(2)_右腿总装-1/dm-j10010l-0730_1.stp_1.STEP^dm-j10010l-0730_1.STEP_DM-J10010L-2EC_右腿总装(2)_右腿总装-1/ZHUTI.stp.STEP^dm-j10010l-0730_1.stp_1.STEP_dm-j10010l-0730_1.STEP_DM-J10010L-2EC_右腿总装(2)_右腿总装-1;zuo腿-1/装配体14^zuo腿-1/DM-J10010L-2EC^右腿总装(2)_右腿总装-1/dm-j10010l-0730_1.STEP^DM-J10010L-2EC_右腿总装(2)_右腿总装-1/dm-j10010l-0730_1.stp_1.STEP^dm-j10010l-0730_1.STEP_DM-J10010L-2EC_右腿总装(2)_右腿总装-1/HOUGAI.stp_1.STEP^dm-j10010l-0730_1.stp_1.STEP_dm-j10010l-0730_1.STEP_DM-J10010L-2EC_右腿总装(2)_右腿总装-1;zuo腿-1/装配体14^zuo腿-1/DM-J10010L-2EC^右腿总装(2)_右腿总装-1/dm-j10010l-0730_1.STEP^DM-J10010L-2EC_右腿总装(2)_右腿总装-1/dm-j10010l-0730_1.stp_1.STEP^dm-j10010l-0730_1.STEP_DM-J10010L-2EC_右腿总装(2)_右腿总装-1/PCB_1.stp_1.STEP^dm-j10010l-0730_1.stp_1.STEP_dm-j10010l-0730_1.STEP_DM-J10010L-2EC_右腿总装(2)_右腿总装-1,LLeg_o40,w40,LeftLegRoll,continuous,-0.000999999999867083,-0.0830005122956424,-0.0349973051579167,0,0,0,LeftLegPitch_Link,-1,0,0,,,,,,,,,,,,
LeftLegYaw_Link,0.00217038695390543,0.00928328529106193,-0.153717923699938,0,0,0,7.03642767886962,0.024258167042962,-0.000147573164818517,7.74784737901949E-05,0.0292608984545894,0.00129563041381848,0.00940133038008645,0,0,0,0,0,0,package://yeah/meshes/LeftLegYaw_Link.STL,0.866666666666667,0.866666666666667,0.890196078431372,1,0,0,0,0,0,0,package://yeah/meshes/LeftLegYaw_Link.STL,,zuo腿-1/装配体15^zuo腿-1/膝关节支架1-1;zuo腿-1/装配体15^zuo腿-1/DM-J10010L-2EC^右腿总装(2)_右腿总装-1/dm-j10010l-0730_1.STEP^DM-J10010L-2EC_右腿总装(2)_右腿总装-1/dm-j10010l-0730_1.stp_1.STEP^dm-j10010l-0730_1.STEP_DM-J10010L-2EC_右腿总装(2)_右腿总装-1/HOUGAI.stp_1.STEP^dm-j10010l-0730_1.stp_1.STEP_dm-j10010l-0730_1.STEP_DM-J10010L-2EC_右腿总装(2)_右腿总装-1;zuo腿-1/装配体15^zuo腿-1/DM-J10010L-2EC^右腿总装(2)_右腿总装-1/dm-j10010l-0730_1.STEP^DM-J10010L-2EC_右腿总装(2)_右腿总装-1/dm-j10010l-0730_1.stp_1.STEP^dm-j10010l-0730_1.STEP_DM-J10010L-2EC_右腿总装(2)_右腿总装-1/ZHUTI.stp.STEP^dm-j10010l-0730_1.stp_1.STEP_dm-j10010l-0730_1.STEP_DM-J10010L-2EC_右腿总装(2)_右腿总装-1;zuo腿-1/装配体15^zuo腿-1/DM-J10010L-2EC^右腿总装(2)_右腿总装-1/dm-j10010l-0730_1.STEP^DM-J10010L-2EC_右腿总装(2)_右腿总装-1/dm-j10010l-0730_1.stp_1.STEP^dm-j10010l-0730_1.STEP_DM-J10010L-2EC_右腿总装(2)_右腿总装-1/PCB_1.stp_1.STEP^dm-j10010l-0730_1.stp_1.STEP_dm-j10010l-0730_1.STEP_DM-J10010L-2EC_右腿总装(2)_右腿总装-1;膝关节支架1-1（数量1件）-1;zuo腿-1/装配体21^zuo腿-1/膝关节轴端挡片-1;zuo腿-1/装配体21^zuo腿-1/膝关节转轴-1,LLeg_o42,w42,LeftLegYaw,continuous,0.000186365653050757,-0.000688387105119953,-0.111002694842087,0,0,0,LeftLegRoll_Link,0,0,-1,,,,,,,,,,,,
kneePitch_Link,0.00123795884617685,0.00519727052806915,-0.15899701890059,0,0,0,4.57121235016414,0.020176383034396,2.05037974891047E-06,-0.000963731985476246,0.021526140840187,0.000403971498324297,0.00288096454033477,0,0,0,0,0,0,package://yeah/meshes/kneePitch_Link.STL,0.866666666666667,0.866666666666667,0.890196078431372,1,0,0,0,0,0,0,package://yeah/meshes/kneePitch_Link.STL,,zuo腿-1/装配体20^zuo腿-1/小腿骨架-1;zuo腿-1/装配体20^zuo腿-1/DM 6248 减速电机20250717_1^右腿总装(2)_右腿总装-2/6248_0001^DM 6248 减速电机20250717_1_右腿总装(2)_右腿总装-1;zuo腿-1/装配体20^zuo腿-1/DM 6248 减速电机20250717_1^右腿总装(2)_右腿总装-1/6248_3D0001^DM 6248 减速电机20250717_1_右腿总装(2)_右腿总装-1;zuo腿-1/装配体20^zuo腿-1/DM 6248 减速电机20250717_1^右腿总装(2)_右腿总装-2/6248_3D0001^DM 6248 减速电机20250717_1_右腿总装(2)_右腿总装-1;zuo腿-1/装配体20^zuo腿-1/DM 6248 减速电机20250717_1^右腿总装(2)_右腿总装-1/6248_0001^DM 6248 减速电机20250717_1_右腿总装(2)_右腿总装-1;zuo腿-1/踝关节转轴-1;zuo腿-1/踝关节转轴垫片-1,LLeg_o66,w66,kneePitch,continuous,0.000161065264847403,-0.00491635657912468,-0.281838999812232,0,0,0,LeftLegYaw_Link,0,1,0,,,,,,,,,,,,
AnklePitch_Link,-0.00147541181237309,0.0186055119191103,-0.0207327359859442,0,0,0,0.387868176211924,0.000141876313147312,-2.26004410194377E-06,1.6633100331336E-06,0.000297242402247216,2.41900565732042E-08,0.000170375284782386,0,0,0,0,0,0,package://yeah/meshes/AnklePitch_Link.STL,1,1,1,1,0,0,0,0,0,0,package://yeah/meshes/AnklePitch_Link.STL,,zuo腿-1/脚掌连接件^右腿总装(2)_右腿总装-2,O81,AnklePitch81,AnklePitch,continuous,-0.0193627391441421,-0.0129038883271191,-0.330161000187765,0,0,0,kneePitch_Link,-0.0145419603178007,0.999894260104595,0,,,,,,,,,,,,
AnkleRoll_Link,0.070912672454587,0.000976253829471391,-0.0101386617134354,0,0,0,1.6053813423159,0.000989699451714058,-1.47790854999892E-05,4.78443448236703E-05,0.00259615595962316,2.78896202837769E-07,0.00291141561350013,0,0,0,0,0,0,package://yeah/meshes/AnkleRoll_Link.STL,1,1,1,1,0,0,0,0,0,0,package://yeah/meshes/AnkleRoll_Link.STL,,zuo腿-1/脚跟固定件^右腿总装(2)_右腿总装-2;zuo腿-1/脚掌^右腿总装(2)_右腿总装-2;zuo腿-1/脚掌固定件^右腿总装(2)_右腿总装-2,O82,AnkleRoll82,AnkleRoll,continuous,-0.0452239664958971,0.017969254940941,-0.0324467156465094,0,0,0,AnklePitch_Link,0.99821055060206,0.0145174732917734,-0.058008099744385,,,,,,,,,,,,
RightLegPitch_Link,-0.0202871075606412,0.113203120094287,-0.0332957316731161,0,0,0,4.20544138183995,0.00836869162576329,0.000319240472853325,-0.000105164563332035,0.00472936678233725,0.000145363741817256,0.00504598273461048,0,0,0,0,0,0,package://yeah/meshes/RightLegPitch_Link.STL,0.752941176470588,0.752941176470588,0.752941176470588,1,0,0,0,0,0,0,package://yeah/meshes/RightLegPitch_Link.STL,,you腿-1/镜向髋关节支架1-1;you腿-1/镜向DM-J10010L-2EC2^右腿总装(2)_右腿总装-1/镜向dm-j10010l-0730_1.STEP2^DM-J10010L-2EC_右腿总装(2)_右腿总装-1/镜向dm-j10010l-0730_1.stp_1.STEP2^dm-j10010l-0730_1.STEP_DM-J10010L-2EC_右腿总装(2)_右腿总装-1/镜向ZHUTI.stp.STEP^dm-j10010l-0730_1.stp_1.STEP_dm-j10010l-0730_1.STEP_DM-J10010L-2EC_右腿总装(2)_右腿总装-1;you腿-1/镜向DM-J10010L-2EC2^右腿总装(2)_右腿总装-1/镜向dm-j10010l-0730_1.STEP2^DM-J10010L-2EC_右腿总装(2)_右腿总装-1/镜向dm-j10010l-0730_1.stp_1.STEP2^dm-j10010l-0730_1.STEP_DM-J10010L-2EC_右腿总装(2)_右腿总装-1/镜向PCB_1.stp_1.STEP^dm-j10010l-0730_1.stp_1.STEP_dm-j10010l-0730_1.STEP_DM-J10010L-2EC_右腿总装(2)_右腿总装-1;you腿-1/镜向DM-J10010L-2EC2^右腿总装(2)_右腿总装-1/镜向dm-j10010l-0730_1.STEP2^DM-J10010L-2EC_右腿总装(2)_右腿总装-1/镜向dm-j10010l-0730_1.stp_1.STEP2^dm-j10010l-0730_1.STEP_DM-J10010L-2EC_右腿总装(2)_右腿总装-1/镜向HOUGAI.stp_1.STEP^dm-j10010l-0730_1.stp_1.STEP_dm-j10010l-0730_1.STEP_DM-J10010L-2EC_右腿总装(2)_右腿总装-1,O83,RPitch83,RightLegPitch,continuous,-0.000324901518056385,0.0342983897075141,-0.112691468926412,0,0,0,waist_Link,-0.0145419603178106,0.999894260104595,0,,,,,,,,,,,,
RightLegRoll_Link,0.000710473631350846,0.000218336647039685,-0.11962970293313,0,0,0,4.18101136276925,0.00487493061379373,1.9479126148004E-05,-0.000102896944241352,0.00462061859149247,-8.13584051580519E-06,0.00715037817098106,0,0,0,0,0,0,package://yeah/meshes/RightLegRoll_Link.STL,0.752941176470588,0.752941176470588,0.752941176470588,1,0,0,0,0,0,0,package://yeah/meshes/RightLegRoll_Link.STL,,you腿-1/镜向髋关节支架2-1;you腿-1/镜向DM-J10010L-2EC^右腿总装(2)_右腿总装-1/镜向dm-j10010l-0730_1.STEP^DM-J10010L-2EC_右腿总装(2)_右腿总装-1/镜向dm-j10010l-0730_1.stp_1.STEP^dm-j10010l-0730_1.STEP_DM-J10010L-2EC_右腿总装(2)_右腿总装-1/镜向ZHUTI.stp.STEP^dm-j10010l-0730_1.stp_1.STEP_dm-j10010l-0730_1.STEP_DM-J10010L-2EC_右腿总装(2)_右腿总装-1;you腿-1/镜向DM-J10010L-2EC^右腿总装(2)_右腿总装-1/镜向dm-j10010l-0730_1.STEP^DM-J10010L-2EC_右腿总装(2)_右腿总装-1/镜向dm-j10010l-0730_1.stp_1.STEP^dm-j10010l-0730_1.STEP_DM-J10010L-2EC_右腿总装(2)_右腿总装-1/镜向HOUGAI.stp_1.STEP^dm-j10010l-0730_1.stp_1.STEP_dm-j10010l-0730_1.STEP_DM-J10010L-2EC_右腿总装(2)_右腿总装-1;you腿-1/镜向DM-J10010L-2EC^右腿总装(2)_右腿总装-1/镜向dm-j10010l-0730_1.STEP^DM-J10010L-2EC_右腿总装(2)_右腿总装-1/镜向dm-j10010l-0730_1.stp_1.STEP^dm-j10010l-0730_1.STEP_DM-J10010L-2EC_右腿总装(2)_右腿总装-1/镜向PCB_1.stp_1.STEP^dm-j10010l-0730_1.stp_1.STEP_dm-j10010l-0730_1.STEP_DM-J10010L-2EC_右腿总装(2)_右腿总装-1,O84,RRoll84,RightLegRoll,continuous,-0.00289532111270099,0.11816986314249,-0.0343058418694641,0,0,0,RightLegPitch_Link,-0.999894260104595,-0.0145419603178012,0,,,,,,,,,,,,
RightLegYaw_Link,0.000194771151298824,-0.011047445308898,-0.152772455288883,0,0,0,6.78843671701909,0.0225933510104825,6.3374908724311E-06,0.000101784596845481,0.0272895334001572,-0.00129563456593361,0.00907171886706066,0,0,0,0,0,0,package://yeah/meshes/RightLegYaw_Link.STL,0.752941176470588,0.752941176470588,0.752941176470588,1,0,0,0,0,0,0,package://yeah/meshes/RightLegYaw_Link.STL,,you腿-1/镜向膝关节支架1-1;you腿-1/镜向膝关节轴端挡片-1;you腿-1/镜向膝关节转轴-1;you腿-1/镜向DM-J10010L-2EC1^右腿总装(2)_右腿总装-1/镜向dm-j10010l-0730_1.STEP1^DM-J10010L-2EC_右腿总装(2)_右腿总装-1/镜向dm-j10010l-0730_1.stp_1.STEP1^dm-j10010l-0730_1.STEP_DM-J10010L-2EC_右腿总装(2)_右腿总装-1/镜向ZHUTI.stp.STEP^dm-j10010l-0730_1.stp_1.STEP_dm-j10010l-0730_1.STEP_DM-J10010L-2EC_右腿总装(2)_右腿总装-1;you腿-1/镜向DM-J10010L-2EC1^右腿总装(2)_右腿总装-1/镜向dm-j10010l-0730_1.STEP1^DM-J10010L-2EC_右腿总装(2)_右腿总装-1/镜向dm-j10010l-0730_1.stp_1.STEP1^dm-j10010l-0730_1.STEP_DM-J10010L-2EC_右腿总装(2)_右腿总装-1/镜向PCB_1.stp_1.STEP^dm-j10010l-0730_1.stp_1.STEP_dm-j10010l-0730_1.STEP_DM-J10010L-2EC_右腿总装(2)_右腿总装-1;you腿-1/镜向DM-J10010L-2EC1^右腿总装(2)_右腿总装-1/镜向dm-j10010l-0730_1.STEP1^DM-J10010L-2EC_右腿总装(2)_右腿总装-1/镜向dm-j10010l-0730_1.stp_1.STEP1^dm-j10010l-0730_1.STEP_DM-J10010L-2EC_右腿总装(2)_右腿总装-1/镜向HOUGAI.stp_1.STEP^dm-j10010l-0730_1.stp_1.STEP_dm-j10010l-0730_1.STEP_DM-J10010L-2EC_右腿总装(2)_右腿总装-1,O85,RYaw85,RightLegYaw,continuous,0.000176334005005392,0.000692084399336018,-0.111002689204124,0,0,0,RightLegRoll_Link,0,0,-1,,,,,,,,,,,,
RkneePitch_Link,0.000142708786412794,-0.0537032734127277,-0.161636015953503,0,0,0,4.57121122410793,0.0201776430539964,-4.12824126073902E-05,-0.000951576552435556,0.0215248797553251,-0.000431826903378456,0.00288096383817099,0,0,0,0,0,0,package://yeah/meshes/RkneePitch_Link.STL,0.752941176470588,0.752941176470588,0.752941176470588,1,0,0,0,0,0,0,package://yeah/meshes/RkneePitch_Link.STL,,you腿-1/镜向小腿骨架-1;you腿-1/镜向DM 6248 减速电机20250717_11^右腿总装(2)_右腿总装-1/镜向6248_0001^DM 6248 减速电机20250717_1_右腿总装(2)_右腿总装-1;you腿-1/镜向DM 6248 减速电机20250717_11^右腿总装(2)_右腿总装-1/镜向6248_3D0001^DM 6248 减速电机20250717_1_右腿总装(2)_右腿总装-1;you腿-1/镜向DM 6248 减速电机20250717_1^右腿总装(2)_右腿总装-1/镜向6248_3D0001^DM 6248 减速电机20250717_1_右腿总装(2)_右腿总装-1;you腿-1/镜向DM 6248 减速电机20250717_1^右腿总装(2)_右腿总装-1/镜向6248_0001^DM 6248 减速电机20250717_1_右腿总装(2)_右腿总装-1;you腿-1/镜向踝关节转轴垫片-1;you腿-1/镜向踝关节转轴-1,O86,RNeckPitch86,RkneePitch,continuous,-0.00096306174335796,0.0534027234981932,-0.2792,0,0,0,RightLegYaw_Link,0.0145419603178007,-0.999894260104595,0,,,,,,,,,,,,
RAnklePitch_Link,-0.00147759310775098,0.0187554961496084,-0.0207327359859442,0,0,0,0.387868176211925,0.000141876313168029,-2.26004481403083E-06,1.66331002470554E-06,0.000297242402226499,2.41906360698903E-08,0.000170375284782386,0,0,0,0,0,0,package://yeah/meshes/RAnklePitch_Link.STL,0.752941176470588,0.752941176470588,0.752941176470588,1,0,0,0,0,0,0,package://yeah/meshes/RAnklePitch_Link.STL,,you腿-1/镜向脚掌连接件^右腿总装(2)_右腿总装-1,O87,AnklePitch87,RAnklePitch,continuous,-0.0204318009009505,-0.0736049014124989,-0.3328,0,0,0,RkneePitch_Link,-0.0145419603178007,0.999894260104595,0,,,,,,,,,,,,
RAnkleRoll_Link,0.0709137306716707,0.00108713664295712,-0.0101390629257088,0,0,0,1.60542228869078,0.000990225545740487,-3.18788319166402E-05,4.78173284002225E-05,0.0025958984291276,1.08113459707771E-06,0.00291165630965208,0,0,0,0,0,0,package://yeah/meshes/RAnkleRoll_Link.STL,0.752941176470588,0.752941176470588,0.752941176470588,1,0,0,0,0,0,0,package://yeah/meshes/RAnkleRoll_Link.STL,,you腿-1/镜向脚掌^右腿总装(2)_右腿总装-1;you腿-1/镜向脚跟固定件^右腿总装(2)_右腿总装-1;you腿-1/镜向脚掌固定件^右腿总装(2)_右腿总装-1,O88,Ankle88,RAnkleRoll,continuous,-0.0452261477899444,0.0181192390799569,-0.0324467156465098,0,0,0,RAnklePitch_Link,0.99821055060206,0.0145174732917734,-0.0580080997443849,,,,,,,,,,,,
